{
    "Position": {
        "x": -0.05031442642211914,
        "y": -1.1920928955078126e-7,
        "z": -95.9921875
    },
    "playerStat": {
        "level": 1,
        "maxExp": 40.0,
        "curExp": 0.0,
        "maxHp": 500.0,
        "curHp": 500.0,
        "attackPower": 100.0,
        "strength": 5,
        "maxEnergy": 100.0,
        "curEnergy": 100.0,
        "defensePower": 100.0,
        "agility": 5,
        "criticalRate": 5.0,
        "evation": 5,
        "point": 0
    }
}