{
    "Position": {
        "x": -0.0032155541703104975,
        "y": -5.960464477539063e-8,
        "z": -99.9977798461914
    },
    "playerStat": {
        "level": 1,
        "maxExp": 40.0,
        "curExp": 0.0,
        "maxHp": 500.0,
        "curHp": 500.0,
        "attackPower": 100.0,
        "strength": 5,
        "maxEnergy": 100.0,
        "curEnergy": 100.0,
        "defensePower": 100.0,
        "agility": 5,
        "criticalRate": 5.0,
        "evation": 5,
        "point": 0
    }
}