{
    "Position": {
        "x": -1.5203572511672974,
        "y": -5.960464477539063e-8,
        "z": -91.18488311767578
    },
    "playerStat": {
        "level": 3,
        "maxExp": 80.0,
        "curExp": 60.0,
        "maxHp": 700.0,
        "curHp": 700.0,
        "attackPower": 100.0,
        "strength": 5,
        "maxEnergy": 120.0,
        "curEnergy": 120.0,
        "defensePower": 100.0,
        "agility": 5,
        "criticalRate": 5.0,
        "evation": 5,
        "point": 10
    }
}